full_name,stars,watchers,forks,stars_delta,watchers_delta,forks_delta,url
anthropics/claude-code,84375,84375,7138,120,120,13,https://github.com/anthropics/claude-code
affaan-m/everything-claude-code,117350,117350,15239,626,626,60,https://github.com/affaan-m/everything-claude-code
shareAI-lab/learn-claude-code,43217,43217,6640,408,408,44,https://github.com/shareAI-lab/learn-claude-code
hesreallyhim/awesome-claude-code,34212,34212,2476,123,123,17,https://github.com/hesreallyhim/awesome-claude-code
musistudio/claude-code-router,30700,30700,2379,29,29,1,https://github.com/musistudio/claude-code-router
davila7/claude-code-templates,23796,23796,2300,12,12,2,https://github.com/davila7/claude-code-templates
shanraisshan/claude-code-best-practice,24710,24710,2121,236,236,10,https://github.com/shanraisshan/claude-code-best-practice
VoltAgent/awesome-claude-code-subagents,15612,15612,1754,26,26,2,https://github.com/VoltAgent/awesome-claude-code-subagents
anthropics/claude-code-action,6717,6717,1610,4,4,1,https://github.com/anthropics/claude-code-action
diet103/claude-code-infrastructure-showcase,9372,9372,1200,2,2,-1,https://github.com/diet103/claude-code-infrastructure-showcase
Donchitos/Claude-Code-Game-Studios,7324,7324,1062,79,79,17,https://github.com/Donchitos/Claude-Code-Game-Studios
frankbria/ralph-claude-code,8266,8266,603,7,7,2,https://github.com/frankbria/ralph-claude-code
Piebald-AI/claude-code-system-prompts,7047,7047,951,30,30,2,https://github.com/Piebald-AI/claude-code-system-prompts
ykdojo/claude-code-tips,6910,6910,478,8,8,1,https://github.com/ykdojo/claude-code-tips
ChrisWiles/claude-code-showcase,5606,5606,491,4,4,0,https://github.com/ChrisWiles/claude-code-showcase
pedrohcgs/claude-code-my-workflow,798,798,1514,4,4,8,https://github.com/pedrohcgs/claude-code-my-workflow
OneRedOak/claude-code-workflows,3754,3754,553,-1,-1,0,https://github.com/OneRedOak/claude-code-workflows
1rgs/claude-code-proxy,3325,3325,440,1,1,0,https://github.com/1rgs/claude-code-proxy
disler/claude-code-hooks-mastery,3436,3436,585,2,2,0,https://github.com/disler/claude-code-hooks-mastery
kodu-ai/claude-coder,5289,5289,198,1,1,0,https://github.com/kodu-ai/claude-coder
zebbern/claude-code-guide,3755,3755,348,2,2,0,https://github.com/zebbern/claude-code-guide
qwibitai/nanoclaw,25934,25934,9656,32,32,36,https://github.com/qwibitai/nanoclaw
Yuyz0112/claude-code-reverse,2300,2300,378,1,1,0,https://github.com/Yuyz0112/claude-code-reverse
anthropics/skills,106061,106061,11734,259,259,24,https://github.com/anthropics/skills
Maciek-roboblog/Claude-Code-Usage-Monitor,7195,7195,350,0,0,0,https://github.com/Maciek-roboblog/Claude-Code-Usage-Monitor
fuergaosi233/claude-code-proxy,2278,2278,319,6,6,0,https://github.com/fuergaosi233/claude-code-proxy
anthropics/claude-code-security-review,4064,4064,341,4,4,0,https://github.com/anthropics/claude-code-security-review
RichardAtCT/claude-code-telegram,2285,2285,297,1,1,0,https://github.com/RichardAtCT/claude-code-telegram
sickn33/antigravity-awesome-skills,28621,28621,4799,98,98,12,https://github.com/sickn33/antigravity-awesome-skills
Cranot/claude-code-guide,2539,2539,265,-1,-1,0,https://github.com/Cranot/claude-code-guide
FlorianBruniaux/claude-code-ultimate-guide,2522,2522,369,11,11,0,https://github.com/FlorianBruniaux/claude-code-ultimate-guide
ding113/claude-code-hub,2198,2198,249,10,10,0,https://github.com/ding113/claude-code-hub
anthropics/claude-code-base-action,739,739,589,-14,-14,0,https://github.com/anthropics/claude-code-base-action
edmund-io/edmunds-claude-code,1369,1369,281,0,0,0,https://github.com/edmund-io/edmunds-claude-code
https-deeplearning-ai/sc-claude-code-files,467,467,637,1,1,1,https://github.com/https-deeplearning-ai/sc-claude-code-files
Pimzino/claude-code-spec-workflow,3591,3591,252,0,0,1,https://github.com/Pimzino/claude-code-spec-workflow
wshobson/agents,32544,32544,3545,14,14,0,https://github.com/wshobson/agents
obra/superpowers,123919,123919,10097,754,754,61,https://github.com/obra/superpowers
router-for-me/CLIProxyAPI,21200,21200,3483,99,99,26,https://github.com/router-for-me/CLIProxyAPI
zhukunpenglinyutong/idea-claude-code-gui,2230,2230,258,14,14,2,https://github.com/zhukunpenglinyutong/idea-claude-code-gui
wanshuiyin/Auto-claude-code-research-in-sleep,4715,4715,376,44,44,4,https://github.com/wanshuiyin/Auto-claude-code-research-in-sleep
anthropics/claude-plugins-official,15338,15338,1664,31,31,5,https://github.com/anthropics/claude-plugins-official
feiskyer/claude-code-settings,1381,1381,206,1,1,0,https://github.com/feiskyer/claude-code-settings
snarktank/ralph,14030,14030,1429,18,18,0,https://github.com/snarktank/ralph
bfly123/claude_code_bridge,1963,1963,180,10,10,-1,https://github.com/bfly123/claude_code_bridge
eyaltoledano/claude-task-master,26292,26292,2465,4,4,0,https://github.com/eyaltoledano/claude-task-master
carlvellotti/claude-code-pm-course,1698,1698,259,0,0,0,https://github.com/carlvellotti/claude-code-pm-course
sugyan/claude-code-webui,988,988,227,1,1,0,https://github.com/sugyan/claude-code-webui
siteboon/claudecodeui,9127,9127,1168,9,9,1,https://github.com/siteboon/claudecodeui
centminmod/my-claude-code-setup,2130,2130,212,0,0,0,https://github.com/centminmod/my-claude-code-setup
lst97/claude-code-sub-agents,1495,1495,237,0,0,0,https://github.com/lst97/claude-code-sub-agents
ghuntley/claude-code-source-code-deobfuscation,875,875,424,0,0,0,https://github.com/ghuntley/claude-code-source-code-deobfuscation
darcyegb/ClaudeCodeAgents,631,631,56,0,0,0,https://github.com/darcyegb/ClaudeCodeAgents
nishimoto265/Claude-Code-Communication,495,495,236,0,0,0,https://github.com/nishimoto265/Claude-Code-Communication
rohitg00/awesome-claude-code-toolkit,949,949,243,5,5,3,https://github.com/rohitg00/awesome-claude-code-toolkit
Alishahryar1/free-claude-code,1243,1243,160,4,4,1,https://github.com/Alishahryar1/free-claude-code
alirezarezvani/claude-skills,7995,7995,954,46,46,-1,https://github.com/alirezarezvani/claude-skills
simonw/claude-code-transcripts,1352,1352,144,4,4,0,https://github.com/simonw/claude-code-transcripts
catlog22/Claude-Code-Workflow,1613,1613,136,1,1,0,https://github.com/catlog22/Claude-Code-Workflow
trailofbits/claude-code-config,1707,1707,132,3,3,1,https://github.com/trailofbits/claude-code-config
Njengah/claude-code-cheat-sheet,1499,1499,189,1,1,0,https://github.com/Njengah/claude-code-cheat-sheet
slopus/happy,16661,16661,1324,37,37,0,https://github.com/slopus/happy
rizethereum/claude-code-requirements-builder,1759,1759,174,0,0,0,https://github.com/rizethereum/claude-code-requirements-builder
steipete/claude-code-mcp,1207,1207,150,0,0,0,https://github.com/steipete/claude-code-mcp
andrepimenta/claude-code-chat,1010,1010,156,0,0,0,https://github.com/andrepimenta/claude-code-chat
Yeachan-Heo/oh-my-claudecode,16563,16563,1168,400,400,40,https://github.com/Yeachan-Heo/oh-my-claudecode
jeremylongshore/claude-code-plugins-plus-skills,1751,1751,230,4,4,0,https://github.com/jeremylongshore/claude-code-plugins-plus-skills
farion1231/cc-switch,35384,35384,2107,204,204,9,https://github.com/farion1231/cc-switch
disler/claude-code-hooks-multi-agent-observability,1312,1312,361,0,0,0,https://github.com/disler/claude-code-hooks-multi-agent-observability
JessyTsui/Claude-Code-Remote,1190,1190,129,1,1,0,https://github.com/JessyTsui/Claude-Code-Remote
0xfurai/claude-code-subagents,803,803,143,1,1,0,https://github.com/0xfurai/claude-code-subagents
jarrodwatts/claude-code-config,1004,1004,126,0,0,0,https://github.com/jarrodwatts/claude-code-config
jarrodwatts/claude-hud,15138,15138,620,111,111,4,https://github.com/jarrodwatts/claude-hud
pchalasani/claude-code-tools,1635,1635,103,2,2,0,https://github.com/pchalasani/claude-code-tools
peterkrueck/Claude-Code-Development-Kit,1334,1334,152,1,1,0,https://github.com/peterkrueck/Claude-Code-Development-Kit
d-kimuson/claude-code-viewer,1013,1013,117,0,0,0,https://github.com/d-kimuson/claude-code-viewer
ComposioHQ/awesome-claude-skills,49256,49256,5094,89,89,12,https://github.com/ComposioHQ/awesome-claude-skills
alirezarezvani/claude-code-tresor,657,657,145,0,0,1,https://github.com/alirezarezvani/claude-code-tresor
anthropics/claude-agent-sdk-demos,1990,1990,282,-21,-21,0,https://github.com/anthropics/claude-agent-sdk-demos
winfunc/opcode,21192,21192,1626,5,5,0,https://github.com/winfunc/opcode
revfactory/claude-code-mastering,768,768,124,1,1,0,https://github.com/revfactory/claude-code-mastering
wasabeef/claude-code-cookbook,1050,1050,111,0,0,0,https://github.com/wasabeef/claude-code-cookbook
timothywarner-org/claude-code,204,204,31,0,0,0,https://github.com/timothywarner-org/claude-code
cixingguangming55555/wechat-bot,2531,2531,662,0,0,0,https://github.com/cixingguangming55555/wechat-bot
ccplugins/awesome-claude-code-plugins,654,654,163,0,0,1,https://github.com/ccplugins/awesome-claude-code-plugins
kepano/obsidian-skills,18217,18217,1064,56,56,4,https://github.com/kepano/obsidian-skills
daymade/claude-code-skills,746,746,112,2,2,0,https://github.com/daymade/claude-code-skills
severity1/claude-code-prompt-improver,1321,1321,112,0,0,0,https://github.com/severity1/claude-code-prompt-improver
disler/pi-vs-claude-code,576,576,167,1,1,0,https://github.com/disler/pi-vs-claude-code
anthropics/claude-agent-sdk-python,5965,5965,801,-28,-28,-5,https://github.com/anthropics/claude-agent-sdk-python
ericbuess/claude-code-docs,761,761,103,1,1,-1,https://github.com/ericbuess/claude-code-docs
MadAppGang/claude-code,248,248,27,0,0,0,https://github.com/MadAppGang/claude-code
PleasePrompto/notebooklm-skill,5278,5278,550,7,7,1,https://github.com/PleasePrompto/notebooklm-skill
lyconear/Claude-Code,4,4,149,0,0,0,https://github.com/lyconear/Claude-Code
greggh/claude-code.nvim,1964,1964,63,1,1,0,https://github.com/greggh/claude-code.nvim
opactorai/Claudable,3844,3844,575,1,1,0,https://github.com/opactorai/Claudable
anomalyco/opencode,132565,132565,14216,142,142,25,https://github.com/anomalyco/opencode
popup-studio-ai/bkit-claude-code,453,453,114,4,4,1,https://github.com/popup-studio-ai/bkit-claude-code
jqueryscript/awesome-claude-code,225,225,154,0,0,1,https://github.com/jqueryscript/awesome-claude-code
huangjia2019/claude-code-engineering,333,333,123,333,333,123,https://github.com/huangjia2019/claude-code-engineering
